{
    "$schema": "https://schema.management.azure.com/schemas/2015-01-01/deploymentTemplate.json#",
    "contentVersion": "1.0.0.0",
    "parameters": {
        "profiles_pizzashopcdn_name": {
            "defaultValue": "pizzashopcdn",
            "type": "String"
        }
    },
    "variables": {},
    "resources": [
        {
            "type": "Microsoft.Cdn/profiles/endpoints",
            "apiVersion": "2020-04-15",
            "name": "[concat(parameters('profiles_pizzashopcdn_name'), '/pizzashopendpoint')]",
            "location": "WestUs",
            "properties": {
                "isHttpAllowed": true,
                "isHttpsAllowed": true,
                "queryStringCachingBehavior": "IgnoreQueryString",
                "origins": [
                    {
                        "name": "pizzashopstorage-z13-web-core-windows-net",
                        "properties": {
                            "hostName": "pizzashopstorage.z13.web.core.windows.net",
                            "httpPort": 80,
                            "httpsPort": 443,
                            "originHostHeader": "pizzashopstorage.z13.web.core.windows.net",
                            "priority": 1,
                            "weight": 1000,
                            "enabled": true
                        }
                    }
                ],
                "originGroups": [],
                "contentTypesToCompress": [
                    "application/eot",
                    "application/font",
                    "application/font-sfnt",
                    "application/javascript",
                    "application/json",
                    "application/opentype",
                    "application/otf",
                    "application/pkcs7-mime",
                    "application/truetype",
                    "application/ttf",
                    "application/vnd.ms-fontobject",
                    "application/xhtml+xml",
                    "application/xml",
                    "application/xml+rss",
                    "application/x-font-opentype",
                    "application/x-font-truetype",
                    "application/x-font-ttf",
                    "application/x-httpd-cgi",
                    "application/x-javascript",
                    "application/x-mpegurl",
                    "application/x-opentype",
                    "application/x-otf",
                    "application/x-perl",
                    "application/x-ttf",
                    "font/eot",
                    "font/ttf",
                    "font/otf",
                    "font/opentype",
                    "image/svg+xml",
                    "text/css",
                    "text/csv",
                    "text/html",
                    "text/javascript",
                    "text/js",
                    "text/plain",
                    "text/richtext",
                    "text/tab-separated-values",
                    "text/xml",
                    "text/x-script",
                    "text/x-component",
                    "text/x-java-source"
                ],
                "isCompressionEnabled": true,
                "geoFilters": [],
                "urlSigningKeys": []
            }
        },
        {
            "type": "Microsoft.Cdn/profiles/endpoints/origins",
            "apiVersion": "2020-04-15",
            "name": "[concat(parameters('profiles_pizzashopcdn_name'), '/pizzashopendpoint/pizzashopstorage-z13-web-core-windows-net')]",
            "dependsOn": [
                "[resourceId('Microsoft.Cdn/profiles/endpoints', parameters('profiles_pizzashopcdn_name'), 'pizzashopendpoint')]"
            ],
            "properties": {
                "hostName": "pizzashopstorage.z13.web.core.windows.net",
                "httpPort": 80,
                "httpsPort": 443,
                "enabled": true,
                "priority": 1,
                "weight": 1000,
                "originHostHeader": "pizzashopstorage.z13.web.core.windows.net"
            }
        }
    ]
}